count,value
1,-8442
1,-6485
1,-6374
1,-5792
1,-5673
1,-3643
1,-2905
1,-2778
1,-2334
1,-1898
1,-1886
1,-1510
1,-1441
1,-1436
1,-1310
1,-1250
1,-1205
1,-1114
1,-1113
1,-1090
1,-1029
1,-983
1,-848
1,-847
1,-845
1,-816
1,-803
1,-764
1,-730
1,-718
1,-717
1,-708
1,-695
1,-693
1,-667
1,-662
1,-624
1,-608
1,-597
1,-595
1,-563
1,-556
1,-548
1,-538
1,-534
1,-493
1,-483
1,-466
1,-458
1,-456
1,-454
1,-453
1,-447
1,-446
1,-432
1,-418
1,-415
1,-405
1,-394
1,-389
1,-386
1,-380
1,-377
1,-372
1,-345
1,-337
1,-328
1,-321
1,-320
1,-318
1,-314
1,-308
1,-307
2,-305
1,-299
1,-298
2,-296
1,-292
1,-287
1,-284
1,-280
1,-260
1,-257
1,-253
1,-250
1,-248
1,-246
1,-245
1,-238
1,-236
2,-231
1,-219
1,-218
1,-205
1,-203
1,-200
1,-194
1,-193
1,-192
1,-188
1,-180
1,-178
1,-176
1,-175
2,-172
2,-166
1,-159
1,-158
2,-155
2,-154
1,-150
1,-148
1,-146
3,-145
1,-144
2,-139
2,-133
1,-131
1,-130
1,-128
2,-127
1,-125
2,-123
1,-122
2,-120
2,-118
2,-117
2,-116
1,-115
1,-111
1,-110
1,-109
2,-107
3,-106
2,-104
2,-103
1,-101
1,-99
1,-98
2,-96
1,-95
4,-92
1,-91
1,-90
3,-89
1,-86
1,-85
2,-84
4,-83
4,-82
2,-81
1,-80
1,-78
1,-77
2,-76
3,-75
1,-74
2,-73
1,-71
1,-70
2,-69
1,-68
3,-67
3,-65
2,-64
2,-62
2,-61
3,-60
4,-58
3,-57
6,-56
8,-55
1,-53
3,-52
4,-51
1,-50
1,-49
3,-48
4,-47
2,-46
3,-44
2,-42
3,-41
5,-40
5,-39
3,-37
5,-36
3,-35
4,-34
3,-33
3,-32
8,-31
6,-30
8,-29
3,-28
12,-27
11,-26
8,-25
8,-24
10,-23
5,-22
9,-21
7,-20
13,-19
13,-18
15,-17
12,-16
9,-15
14,-14
19,-13
18,-12
21,-11
34,-10
25,-9
25,-8
29,-7
31,-6
74,-5
80,-4
98,-3
199,-2
589,-1
103202,0
30236,1
15179,2
9522,3
6886,4
5324,5
4266,6
3560,7
3098,8
2810,9
2327,10
2085,11
1934,12
1801,13
1608,14
1485,15
1294,16
1267,17
1142,18
1081,19
1034,20
953,21
885,22
893,23
803,24
774,25
746,26
642,27
642,28
624,29
608,30
582,31
525,32
503,33
471,34
473,35
462,36
447,37
406,38
432,39
391,40
404,41
381,42
377,43
369,44
343,45
342,46
321,47
329,48
316,49
299,50
297,51
293,52
270,53
227,54
267,55
253,56
243,57
247,58
262,59
255,60
221,61
230,62
216,63
216,64
189,65
197,66
196,67
197,68
192,69
175,70
178,71
180,72
166,73
181,74
193,75
148,76
162,77
166,78
159,79
132,80
156,81
129,82
150,83
144,84
144,85
149,86
126,87
138,88
117,89
126,90
141,91
141,92
125,93
135,94
115,95
130,96
132,97
105,98
118,99
104,100
100,101
96,102
117,103
102,104
99,105
93,106
114,107
103,108
111,109
91,110
114,111
115,112
110,113
94,114
92,115
86,116
93,117
86,118
73,119
87,120
91,121
92,122
69,123
81,124
79,125
80,126
75,127
64,128
78,129
84,130
79,131
67,132
75,133
94,134
75,135
77,136
76,137
83,138
67,139
42,140
59,141
84,142
73,143
56,144
67,145
63,146
75,147
52,148
80,149
65,150
89,151
51,152
61,153
58,154
45,155
52,156
53,157
57,158
67,159
56,160
45,161
56,162
60,163
66,164
60,165
53,166
61,167
51,168
55,169
57,170
65,171
44,172
44,173
56,174
58,175
65,176
46,177
50,178
56,179
36,180
55,181
42,182
50,183
50,184
35,185
35,186
41,187
42,188
46,189
53,190
47,191
43,192
41,193
54,194
49,195
49,196
54,197
39,198
33,199
43,200
34,201
43,202
44,203
39,204
35,205
41,206
47,207
34,208
37,209
36,210
33,211
43,212
46,213
28,214
41,215
34,216
43,217
46,218
27,219
36,220
37,221
28,222
35,223
32,224
38,225
52,226
29,227
41,228
30,229
34,230
32,231
32,232
33,233
40,234
29,235
36,236
44,237
33,238
40,239
31,240
31,241
44,242
28,243
33,244
27,245
34,246
28,247
37,248
32,249
37,250
40,251
28,252
25,253
32,254
46,255
27,256
20,257
37,258
19,259
25,260
26,261
28,262
25,263
34,264
34,265
27,266
25,267
31,268
29,269
29,270
25,271
23,272
28,273
34,274
24,275
25,276
28,277
31,278
45,279
30,280
30,281
20,282
27,283
27,284
32,285
22,286
30,287
13,288
22,289
29,290
24,291
18,292
18,293
25,294
29,295
18,296
24,297
25,298
26,299
26,300
28,301
20,302
26,303
23,304
18,305
28,306
29,307
17,308
20,309
32,310
20,311
21,312
22,313
20,314
26,315
20,316
24,317
23,318
19,319
15,320
25,321
24,322
21,323
21,324
18,325
13,326
21,327
17,328
22,329
24,330
16,331
22,332
20,333
23,334
15,335
22,336
22,337
12,338
20,339
9,340
14,341
19,342
20,343
26,344
18,345
22,346
19,347
16,348
15,349
12,350
15,351
19,352
27,353
15,354
23,355
17,356
16,357
18,358
14,359
15,360
17,361
12,362
13,363
11,364
18,365
12,366
17,367
18,368
20,369
16,370
16,371
13,372
15,373
13,374
21,375
10,376
16,377
18,378
17,379
22,380
19,381
15,382
18,383
13,384
16,385
9,386
18,387
15,388
11,389
14,390
21,391
13,392
19,393
17,394
9,395
16,396
16,397
17,398
6,399
19,400
13,401
3,402
18,403
19,404
24,405
9,406
11,407
20,408
17,409
13,410
22,411
10,412
17,413
16,414
9,415
12,416
14,417
19,418
15,419
10,420
13,421
12,422
15,423
15,424
16,425
12,426
24,427
17,428
17,429
13,430
12,431
10,432
20,433
13,434
13,435
11,436
11,437
12,438
9,439
19,440
8,441
17,442
11,443
10,444
12,445
11,446
11,447
15,448
15,449
17,450
9,451
13,452
9,453
19,454
11,455
17,456
16,457
17,458
12,459
13,460
10,461
18,462
18,463
11,464
9,465
9,466
23,467
15,468
11,469
11,470
9,471
11,472
6,473
14,474
14,475
17,476
9,477
10,478
11,479
14,480
15,481
16,482
14,483
8,484
12,485
17,486
12,487
7,488
8,489
9,490
4,491
6,492
14,493
14,494
8,495
8,496
5,497
13,498
14,499
5,500
11,501
13,502
8,503
11,504
11,505
14,506
11,507
9,508
14,509
12,510
9,511
9,512
11,513
7,514
5,515
6,516
8,517
9,518
13,519
8,520
12,521
5,522
11,523
12,524
10,525
13,526
7,527
7,528
9,529
11,530
15,531
8,532
7,533
12,534
4,535
16,536
6,537
7,538
10,539
9,540
8,541
14,542
9,543
13,544
4,545
6,546
8,547
11,548
7,549
9,550
8,551
9,552
7,553
11,554
9,555
9,556
8,557
9,558
7,559
6,560
10,561
7,562
9,563
12,564
12,565
12,566
7,567
7,568
15,569
13,570
8,571
7,572
12,573
1,574
11,575
7,576
13,577
11,578
10,579
9,580
9,581
6,582
12,583
10,584
9,585
16,586
5,587
11,588
6,589
9,590
9,591
10,592
3,593
8,594
8,595
10,596
11,597
6,598
11,599
9,600
9,601
10,602
4,603
6,604
11,605
9,606
5,607
5,608
4,609
9,610
8,611
4,612
6,613
5,614
7,615
4,616
11,617
7,618
15,619
8,620
9,621
9,622
4,623
8,624
4,625
8,626
13,627
4,628
7,629
3,630
7,631
11,632
7,633
8,634
8,635
9,636
6,637
7,638
10,639
7,640
5,641
11,642
9,643
8,644
12,645
5,646
11,647
9,648
9,649
6,650
14,651
8,652
6,653
5,654
5,655
10,656
11,657
4,658
8,659
5,660
9,661
10,662
7,663
11,664
5,665
3,666
6,667
9,668
4,669
4,670
7,671
1,672
4,673
7,674
4,675
7,676
8,677
7,678
3,679
5,680
6,681
9,682
9,683
9,684
11,685
9,686
9,687
5,688
7,689
10,690
8,691
4,692
6,693
5,694
5,695
3,696
6,697
5,698
7,699
10,700
5,701
4,702
6,703
6,704
12,705
6,706
12,707
10,708
5,709
9,710
7,711
4,712
8,713
8,714
8,715
3,716
8,717
2,718
4,719
8,720
7,721
4,722
2,723
6,724
7,725
10,726
8,727
12,728
8,729
5,730
5,731
4,732
10,733
1,734
6,735
5,736
9,737
4,738
6,739
4,740
6,741
5,742
7,743
2,744
5,745
3,746
3,747
4,748
7,749
4,750
2,751
9,752
6,753
4,754
4,755
3,756
10,757
5,758
5,759
2,760
8,761
9,762
6,763
12,764
5,765
8,766
7,767
5,768
5,769
5,770
3,771
6,772
11,773
4,774
4,775
4,776
5,777
2,778
9,779
5,780
3,781
7,782
3,783
4,784
3,785
3,786
10,787
2,788
4,789
7,790
6,791
7,792
8,793
6,794
10,795
5,796
5,797
10,798
4,799
2,800
7,801
2,802
4,803
3,804
10,805
2,806
6,807
1,808
5,809
9,810
3,811
5,812
2,813
10,814
5,815
5,816
6,817
6,818
12,819
6,820
2,821
5,822
9,823
2,824
2,825
11,826
4,827
10,828
6,829
5,830
8,831
3,832
5,833
13,834
3,835
9,836
3,837
8,838
4,839
5,840
7,841
6,842
6,843
10,844
5,845
4,846
2,847
2,848
9,849
3,850
4,852
9,853
6,854
6,855
5,856
1,857
5,858
7,859
7,860
1,861
8,862
3,863
5,864
7,865
3,866
5,867
3,868
4,869
6,870
2,871
3,872
3,873
3,874
5,875
4,876
3,877
1,878
3,879
5,880
5,881
4,882
3,883
4,884
2,885
6,886
8,887
5,888
8,889
5,890
7,891
5,892
7,893
1,894
3,895
3,896
3,897
3,898
6,899
5,900
3,901
3,902
3,903
5,904
4,905
3,906
5,907
4,908
5,909
8,910
5,911
4,912
3,913
7,914
3,915
5,916
8,917
4,918
3,919
3,920
3,921
7,922
5,923
10,924
2,925
3,926
2,927
4,928
9,929
4,930
9,931
2,932
8,933
5,934
2,935
8,936
4,937
2,938
3,939
1,940
5,941
4,942
3,943
5,944
5,945
1,946
4,947
7,948
7,949
1,950
5,951
3,952
4,953
7,954
3,955
4,956
3,957
6,958
2,959
3,960
6,961
5,962
7,963
2,964
5,965
4,966
6,967
3,968
4,969
2,970
6,971
4,972
5,973
6,974
2,975
5,976
4,977
1,978
6,979
6,980
3,981
4,982
4,983
3,984
2,985
2,986
2,987
3,988
2,989
3,990
6,991
5,992
2,993
3,994
6,995
5,996
5,997
1,998
6,999
4,1000
1,1001
4,1002
6,1003
6,1004
1,1005
1,1006
5,1007
5,1008
2,1009
3,1010
3,1011
6,1012
2,1013
3,1014
2,1015
3,1016
7,1017
6,1018
7,1019
6,1020
4,1021
4,1022
7,1023
3,1024
2,1025
2,1026
4,1027
4,1028
4,1029
1,1030
7,1031
6,1032
4,1033
4,1034
5,1035
2,1036
2,1037
3,1038
8,1039
5,1040
1,1041
4,1042
3,1043
5,1044
5,1045
4,1046
5,1047
4,1048
1,1049
4,1050
5,1051
1,1052
1,1053
2,1054
3,1055
3,1056
3,1057
2,1058
3,1059
1,1060
6,1061
3,1062
2,1063
2,1064
6,1065
5,1066
6,1067
4,1068
4,1069
3,1070
4,1071
6,1072
4,1073
3,1074
1,1075
6,1076
9,1077
2,1078
1,1079
3,1080
3,1081
5,1082
4,1083
3,1084
4,1085
3,1086
6,1087
1,1088
5,1089
5,1090
3,1091
6,1092
3,1093
3,1094
3,1095
7,1096
3,1097
4,1098
2,1099
8,1100
5,1101
2,1102
6,1103
2,1104
2,1105
7,1106
1,1107
6,1108
4,1109
5,1110
3,1111
3,1112
1,1113
8,1114
1,1115
5,1116
2,1117
3,1118
6,1119
3,1120
3,1121
4,1123
3,1124
4,1125
7,1126
2,1127
3,1128
8,1129
2,1130
7,1131
5,1132
2,1133
7,1134
3,1135
2,1136
2,1138
5,1139
1,1140
5,1141
1,1142
4,1143
5,1144
3,1145
1,1146
1,1147
1,1149
5,1150
6,1151
1,1152
5,1153
2,1154
3,1155
3,1156
4,1157
5,1158
1,1159
2,1160
1,1161
3,1162
1,1163
5,1164
6,1165
4,1166
4,1167
4,1168
4,1169
3,1170
1,1171
4,1172
3,1173
2,1174
1,1175
2,1176
1,1177
1,1178
3,1179
5,1180
4,1181
4,1182
5,1183
2,1184
4,1185
8,1186
4,1187
2,1189
5,1190
4,1191
3,1192
1,1193
3,1194
4,1195
2,1196
3,1197
4,1198
1,1199
4,1200
5,1201
1,1202
5,1203
5,1205
1,1206
4,1207
2,1208
2,1209
1,1210
2,1211
4,1212
4,1213
3,1214
2,1215
1,1216
4,1217
4,1218
4,1219
3,1220
5,1221
1,1222
4,1223
2,1224
1,1225
6,1226
4,1227
2,1228
1,1230
1,1231
2,1232
1,1233
3,1234
1,1235
2,1236
3,1237
2,1238
2,1239
3,1240
3,1242
3,1243
1,1244
2,1245
1,1246
4,1247
7,1248
2,1249
2,1250
1,1251
6,1252
5,1253
3,1255
2,1256
1,1257
6,1258
1,1259
1,1260
5,1261
3,1262
7,1263
4,1264
1,1265
1,1266
3,1267
1,1268
3,1269
2,1270
2,1271
2,1272
1,1273
2,1274
3,1275
1,1276
2,1277
1,1278
5,1279
3,1280
2,1282
3,1283
1,1284
1,1285
2,1286
2,1287
1,1288
3,1289
1,1291
5,1292
4,1293
3,1294
1,1295
4,1296
3,1297
3,1298
1,1299
1,1300
2,1302
1,1303
3,1304
1,1305
3,1306
2,1307
3,1308
1,1309
3,1310
2,1311
3,1312
3,1313
2,1314
7,1315
2,1316
1,1317
4,1318
2,1319
1,1320
3,1321
1,1322
3,1323
1,1324
2,1325
1,1326
2,1327
2,1328
2,1329
6,1330
2,1331
4,1332
4,1333
2,1334
1,1335
1,1336
2,1337
1,1338
4,1339
6,1340
2,1341
2,1342
1,1343
1,1344
4,1346
2,1347
2,1348
2,1350
4,1351
4,1352
4,1353
1,1354
4,1355
2,1356
3,1357
2,1358
1,1359
2,1361
3,1363
2,1364
1,1365
3,1366
4,1367
4,1368
5,1369
2,1370
2,1371
7,1372
2,1373
1,1374
4,1375
2,1376
2,1377
4,1378
2,1380
5,1381
1,1383
3,1384
1,1385
3,1386
3,1387
5,1388
2,1389
4,1390
1,1391
4,1392
4,1393
5,1394
2,1395
2,1396
1,1397
3,1398
3,1399
3,1400
1,1401
1,1402
1,1403
2,1404
2,1406
1,1407
4,1408
1,1409
2,1410
4,1412
1,1413
3,1414
2,1415
3,1416
4,1417
3,1418
2,1419
3,1420
3,1421
2,1422
3,1423
3,1424
3,1425
2,1427
2,1428
3,1429
1,1430
2,1431
1,1432
3,1433
2,1434
1,1435
4,1436
2,1437
2,1438
1,1440
2,1441
6,1442
4,1443
3,1444
2,1446
1,1447
5,1448
4,1449
4,1450
2,1451
3,1452
1,1453
1,1454
6,1455
4,1456
2,1457
3,1458
6,1459
1,1460
1,1461
3,1462
1,1463
2,1464
2,1466
2,1467
2,1468
4,1469
2,1470
3,1471
4,1472
4,1473
6,1474
3,1476
1,1477
3,1478
3,1479
2,1480
1,1482
4,1483
3,1484
2,1486
3,1487
1,1488
1,1489
2,1490
1,1491
1,1492
4,1493
4,1494
3,1495
2,1496
3,1497
2,1498
2,1499
3,1500
2,1501
2,1502
3,1503
4,1504
3,1505
2,1506
1,1507
1,1508
5,1509
1,1512
2,1513
3,1514
1,1515
2,1516
3,1517
3,1518
2,1519
3,1520
4,1521
1,1523
2,1524
1,1525
3,1526
2,1527
2,1529
2,1531
1,1533
1,1534
3,1535
1,1536
2,1537
1,1538
3,1539
2,1540
2,1542
1,1543
2,1544
4,1545
2,1546
3,1547
2,1548
2,1549
5,1550
1,1552
1,1554
2,1555
2,1556
3,1557
5,1559
4,1560
7,1561
2,1562
1,1563
2,1564
5,1565
3,1566
1,1568
4,1569
3,1570
2,1572
3,1573
1,1574
1,1575
1,1576
1,1577
3,1578
1,1580
3,1581
1,1582
2,1584
3,1585
3,1586
3,1587
4,1588
5,1589
2,1590
1,1591
2,1592
4,1593
2,1595
3,1596
1,1597
5,1598
1,1600
3,1601
2,1602
1,1603
3,1604
2,1606
1,1608
3,1610
3,1611
1,1612
1,1613
5,1614
2,1615
2,1616
1,1617
3,1618
2,1619
1,1620
3,1621
4,1622
3,1623
2,1624
1,1625
1,1628
1,1629
4,1630
1,1631
2,1632
2,1633
1,1634
3,1635
4,1636
2,1638
3,1640
5,1642
3,1643
1,1644
2,1645
4,1646
2,1648
1,1650
3,1651
5,1653
2,1654
2,1655
3,1656
4,1657
6,1658
3,1659
1,1663
1,1664
3,1665
3,1666
2,1667
4,1668
1,1669
1,1670
3,1671
4,1672
1,1673
2,1674
2,1677
1,1678
3,1679
2,1682
1,1683
3,1684
4,1685
2,1687
3,1688
3,1689
1,1690
2,1691
4,1692
1,1693
3,1694
2,1695
5,1696
3,1699
3,1700
1,1701
1,1702
1,1703
1,1704
3,1705
1,1706
1,1707
1,1708
3,1709
2,1711
1,1713
2,1714
3,1716
3,1717
3,1718
2,1719
2,1720
1,1721
1,1722
1,1723
4,1724
3,1726
2,1727
2,1728
1,1729
1,1730
3,1731
2,1732
2,1734
1,1735
3,1737
2,1738
1,1739
3,1741
3,1743
1,1744
1,1746
3,1747
2,1748
2,1750
1,1751
1,1752
3,1753
1,1755
2,1756
2,1757
2,1758
2,1760
1,1761
2,1763
1,1765
1,1767
5,1768
1,1769
1,1771
1,1772
3,1773
5,1774
3,1776
6,1778
2,1779
3,1780
1,1781
3,1782
1,1783
1,1784
1,1785
2,1786
3,1787
2,1789
1,1790
2,1791
3,1793
1,1794
2,1795
2,1796
1,1797
1,1798
3,1799
3,1800
2,1801
4,1802
2,1803
2,1805
1,1806
2,1807
2,1809
2,1810
2,1811
2,1812
4,1814
2,1816
1,1817
1,1818
3,1819
2,1820
1,1821
1,1822
4,1823
1,1824
1,1826
4,1827
1,1828
1,1829
1,1830
1,1831
1,1833
1,1834
1,1835
2,1836
3,1837
4,1838
3,1839
3,1840
1,1842
2,1846
2,1847
5,1848
2,1849
2,1850
2,1852
2,1853
1,1854
1,1855
1,1856
3,1857
1,1858
1,1859
3,1860
2,1861
1,1863
1,1864
2,1865
1,1866
2,1867
1,1868
2,1869
2,1870
3,1872
1,1873
2,1874
2,1875
1,1878
3,1879
1,1881
2,1883
1,1884
1,1885
1,1887
1,1888
1,1889
3,1890
2,1891
2,1892
2,1893
3,1894
2,1895
1,1897
1,1898
1,1899
4,1900
2,1901
1,1902
2,1903
3,1904
3,1905
1,1906
1,1907
1,1908
1,1910
1,1914
1,1915
2,1917
5,1918
1,1919
2,1921
2,1923
1,1924
1,1926
1,1928
1,1931
1,1932
2,1933
3,1934
2,1935
1,1936
1,1937
1,1938
3,1939
1,1941
1,1942
2,1943
1,1944
3,1945
1,1946
1,1947
2,1948
4,1949
1,1952
3,1953
1,1955
1,1956
1,1958
1,1959
1,1960
1,1961
1,1962
2,1963
2,1964
1,1965
2,1966
2,1967
1,1969
1,1970
1,1971
1,1972
3,1974
1,1975
1,1976
2,1977
6,1978
3,1979
2,1980
1,1982
1,1983
2,1984
3,1985
2,1987
1,1989
2,1990
2,1991
2,1992
1,1993
1,1995
4,1996
1,1997
2,1998
2,2000
1,2002
2,2003
1,2004
2,2005
1,2006
1,2007
1,2008
2,2011
1,2013
1,2014
2,2016
2,2018
1,2020
2,2021
1,2024
2,2025
4,2026
1,2027
3,2031
1,2032
1,2033
1,2034
1,2035
3,2036
1,2037
1,2038
2,2039
2,2042
2,2043
1,2046
3,2047
1,2050
2,2051
1,2052
1,2053
3,2054
1,2055
1,2057
2,2059
2,2060
1,2062
4,2064
2,2066
1,2068
1,2069
1,2070
4,2071
2,2074
3,2075
6,2076
3,2078
2,2079
2,2081
4,2083
5,2086
3,2087
2,2088
3,2089
2,2090
2,2091
1,2092
2,2093
2,2094
1,2095
2,2098
1,2099
2,2100
1,2101
2,2102
1,2104
1,2105
1,2107
1,2109
2,2112
3,2113
2,2114
1,2115
2,2117
1,2118
1,2120
3,2122
2,2123
1,2124
2,2125
3,2127
1,2130
2,2132
2,2134
1,2135
2,2138
2,2139
1,2140
1,2142
1,2144
1,2145
3,2146
2,2147
1,2148
1,2150
1,2151
3,2152
1,2153
3,2155
2,2157
3,2159
1,2160
3,2161
1,2163
1,2164
2,2166
1,2167
1,2168
2,2169
2,2170
1,2171
1,2172
2,2173
2,2174
2,2176
2,2177
1,2178
2,2179
2,2180
1,2181
2,2183
1,2184
1,2186
2,2187
1,2188
2,2189
2,2190
2,2191
1,2194
1,2195
2,2196
1,2197
1,2203
4,2205
1,2206
2,2207
1,2208
2,2209
2,2210
1,2211
1,2214
2,2217
2,2218
3,2220
1,2221
1,2222
3,2224
1,2225
1,2226
3,2227
4,2228
1,2231
1,2232
3,2233
1,2236
3,2238
1,2239
2,2240
2,2241
3,2243
1,2244
2,2245
1,2246
1,2247
1,2248
2,2250
2,2251
2,2253
3,2254
3,2255
1,2257
1,2258
2,2259
1,2261
1,2264
2,2265
4,2266
1,2267
1,2268
2,2269
1,2272
2,2273
2,2274
1,2275
2,2276
1,2277
1,2280
1,2283
1,2286
2,2288
2,2289
2,2290
2,2291
1,2295
2,2299
2,2301
2,2302
2,2303
2,2304
3,2305
2,2308
2,2310
5,2311
1,2315
2,2318
2,2320
1,2321
2,2322
1,2323
1,2325
1,2326
1,2327
1,2328
2,2330
2,2332
1,2334
2,2335
3,2336
1,2340
1,2341
1,2342
1,2343
1,2345
1,2348
2,2352
3,2353
1,2354
1,2355
3,2358
1,2359
2,2360
1,2361
3,2362
1,2363
2,2364
4,2366
1,2367
2,2368
1,2369
2,2371
1,2373
1,2375
1,2376
2,2377
1,2379
1,2380
2,2381
1,2382
2,2383
4,2384
2,2386
2,2387
1,2388
2,2390
1,2392
1,2395
1,2396
2,2398
1,2399
1,2400
1,2401
1,2402
3,2403
2,2404
1,2406
2,2408
4,2409
1,2410
2,2411
3,2413
2,2416
1,2417
1,2418
2,2420
1,2422
1,2423
2,2424
2,2426
2,2429
2,2430
1,2432
1,2433
1,2434
4,2435
1,2437
1,2438
3,2440
1,2441
2,2442
1,2443
1,2444
1,2445
1,2446
1,2447
1,2448
1,2449
1,2450
3,2457
1,2458
1,2460
1,2463
2,2466
1,2467
1,2468
3,2469
2,2470
1,2471
2,2473
1,2474
2,2475
2,2477
2,2478
1,2479
1,2480
1,2484
1,2486
1,2488
1,2489
4,2491
2,2493
1,2495
1,2496
5,2497
2,2498
1,2500
1,2501
3,2502
1,2505
1,2510
1,2512
4,2516
1,2517
3,2519
2,2520
1,2521
1,2522
2,2523
2,2526
1,2528
2,2529
1,2531
1,2532
2,2533
2,2534
1,2535
1,2536
1,2537
1,2540
3,2542
1,2544
1,2545
2,2547
1,2550
3,2551
3,2552
2,2553
1,2556
4,2557
1,2558
1,2559
2,2560
3,2561
2,2562
1,2564
2,2565
2,2566
4,2568
3,2570
1,2571
1,2572
1,2573
1,2574
1,2575
1,2576
1,2578
1,2579
5,2580
1,2581
1,2582
2,2585
1,2586
1,2588
1,2589
1,2590
5,2591
3,2592
1,2596
1,2598
2,2600
2,2601
1,2604
1,2606
1,2611
1,2612
1,2614
2,2616
1,2617
1,2620
2,2624
2,2625
1,2627
2,2628
2,2629
1,2630
1,2631
1,2633
2,2636
2,2637
3,2638
1,2642
2,2644
1,2647
2,2649
1,2650
1,2652
2,2654
1,2655
4,2656
1,2659
2,2662
1,2664
1,2670
1,2671
1,2673
1,2674
2,2675
1,2676
1,2677
2,2678
1,2686
3,2689
2,2691
1,2693
1,2694
1,2695
1,2696
1,2697
1,2698
2,2699
1,2702
1,2705
1,2707
2,2709
2,2710
3,2712
2,2714
1,2715
1,2716
2,2718
2,2719
1,2723
2,2724
2,2725
1,2728
1,2729
2,2730
1,2732
1,2734
2,2736
1,2738
1,2739
2,2740
1,2741
1,2743
1,2744
1,2745
1,2746
1,2747
1,2748
1,2749
1,2750
3,2753
1,2754
2,2756
3,2757
1,2758
2,2761
1,2763
1,2766
1,2767
2,2768
1,2769
2,2770
2,2771
1,2773
1,2774
1,2776
2,2780
2,2781
1,2785
1,2787
1,2788
1,2790
2,2791
1,2794
1,2796
1,2797
1,2798
1,2801
2,2803
2,2804
2,2805
2,2806
4,2807
2,2810
1,2811
2,2812
2,2814
2,2815
1,2816
2,2817
3,2818
1,2820
2,2821
1,2822
2,2823
1,2824
1,2826
2,2828
1,2832
1,2833
1,2834
1,2835
1,2836
1,2837
1,2838
2,2839
1,2840
1,2842
2,2843
1,2844
2,2845
2,2847
1,2848
2,2851
1,2852
3,2857
1,2859
1,2863
1,2864
1,2865
1,2866
1,2868
2,2869
1,2870
1,2871
1,2872
1,2873
2,2874
1,2875
2,2877
2,2879
1,2882
1,2883
1,2885
1,2887
1,2888
1,2889
1,2891
1,2893
2,2894
2,2895
1,2899
1,2901
4,2903
2,2905
1,2908
1,2912
1,2913
1,2915
2,2916
2,2919
1,2920
1,2921
2,2922
2,2930
2,2931
2,2932
2,2933
2,2934
1,2936
1,2937
1,2938
2,2941
2,2942
1,2943
2,2944
1,2947
1,2948
2,2951
1,2955
2,2957
1,2958
2,2959
2,2960
1,2961
2,2962
3,2963
2,2965
2,2969
2,2975
2,2978
1,2979
2,2982
3,2983
1,2984
1,2986
2,2988
3,2990
1,2992
2,2993
2,2994
3,2996
1,3002
2,3005
1,3007
1,3011
1,3012
1,3013
1,3016
1,3020
2,3022
2,3023
1,3025
1,3026
1,3030
2,3031
1,3035
1,3037
1,3038
1,3039
1,3043
1,3047
1,3050
1,3053
1,3054
1,3056
1,3060
1,3061
3,3062
2,3063
1,3064
1,3065
2,3069
1,3070
1,3071
1,3072
3,3075
1,3076
1,3078
1,3079
1,3080
1,3082
2,3083
1,3085
2,3090
1,3091
2,3092
1,3093
1,3096
1,3098
2,3100
1,3101
1,3102
1,3105
1,3106
2,3108
1,3109
1,3110
1,3111
1,3115
1,3117
1,3118
2,3119
1,3123
2,3124
1,3125
2,3126
2,3130
3,3131
2,3134
2,3137
2,3138
2,3142
2,3144
2,3147
2,3150
1,3152
1,3153
1,3155
1,3156
1,3162
1,3163
1,3166
1,3167
1,3170
1,3174
1,3176
1,3177
1,3178
2,3179
1,3180
1,3182
1,3184
1,3187
1,3189
1,3190
1,3192
2,3195
1,3196
2,3197
2,3199
1,3200
1,3201
2,3207
1,3212
1,3215
1,3216
2,3219
1,3221
1,3227
1,3229
3,3231
1,3233
1,3236
1,3237
1,3238
1,3239
1,3242
1,3249
1,3250
2,3254
1,3255
1,3257
1,3258
2,3260
2,3262
2,3269
2,3271
3,3274
3,3278
3,3282
2,3283
1,3285
1,3286
1,3289
1,3290
2,3292
1,3295
2,3297
2,3299
1,3300
1,3302
1,3305
1,3308
1,3311
1,3315
1,3320
1,3324
1,3326
1,3330
1,3332
1,3333
2,3334
1,3340
1,3342
1,3343
1,3344
3,3346
1,3351
1,3353
1,3354
1,3355
1,3356
1,3357
2,3359
1,3362
1,3363
2,3366
1,3367
2,3371
1,3372
2,3378
1,3383
2,3386
1,3393
1,3395
1,3400
1,3401
1,3403
2,3406
1,3407
2,3413
1,3414
2,3416
1,3417
1,3418
1,3419
1,3421
1,3423
1,3425
1,3428
1,3430
1,3431
3,3434
1,3439
2,3440
1,3441
1,3444
2,3446
1,3447
4,3456
1,3459
1,3460
2,3461
1,3463
1,3467
1,3469
1,3473
1,3474
2,3475
2,3480
1,3482
1,3488
1,3489
1,3490
1,3492
1,3494
1,3495
1,3496
2,3497
1,3498
1,3503
1,3504
2,3505
1,3511
1,3512
1,3517
2,3519
1,3520
2,3521
1,3523
1,3524
1,3526
1,3528
2,3529
1,3532
1,3538
1,3542
1,3549
1,3550
1,3552
1,3556
3,3558
1,3560
2,3562
1,3563
1,3564
1,3566
1,3571
1,3575
1,3577
1,3580
1,3581
1,3582
2,3583
1,3584
3,3586
1,3592
1,3594
1,3595
1,3599
1,3605
1,3607
1,3610
1,3612
1,3614
2,3619
2,3621
1,3633
2,3635
2,3637
1,3639
2,3641
3,3643
2,3644
1,3646
1,3651
2,3664
1,3665
1,3667
1,3669
1,3671
1,3677
2,3678
1,3679
1,3682
1,3690
1,3692
1,3694
1,3698
1,3700
1,3701
1,3703
1,3704
1,3707
1,3708
1,3709
1,3711
1,3712
1,3713
1,3714
1,3718
1,3720
1,3721
1,3725
2,3726
2,3727
1,3729
1,3737
2,3738
1,3742
1,3743
1,3744
1,3745
3,3749
1,3752
1,3758
2,3761
2,3766
1,3767
1,3778
1,3779
1,3780
1,3781
1,3783
3,3787
2,3789
1,3791
1,3795
1,3796
1,3799
2,3805
2,3806
1,3810
1,3812
1,3813
1,3816
1,3817
1,3818
1,3819
1,3825
2,3836
1,3838
1,3839
1,3840
1,3842
1,3843
1,3844
1,3847
1,3848
1,3849
1,3851
1,3852
2,3857
1,3858
1,3859
1,3866
1,3872
1,3876
1,3880
1,3883
1,3884
2,3885
1,3887
1,3888
1,3894
1,3895
2,3898
1,3899
1,3903
2,3904
2,3905
1,3906
1,3908
1,3909
1,3910
1,3915
2,3918
1,3919
1,3922
1,3925
1,3928
2,3929
1,3932
2,3942
1,3945
1,3948
1,3951
1,3957
1,3959
2,3962
1,3965
1,3967
1,3968
1,3972
1,3974
1,3976
2,3978
1,3979
1,3984
2,3990
1,3991
1,3993
1,3994
1,4004
1,4006
1,4008
1,4010
1,4012
2,4013
1,4034
1,4035
1,4038
1,4039
1,4043
1,4047
1,4051
1,4052
1,4053
1,4054
2,4056
1,4063
1,4066
2,4067
2,4069
1,4070
2,4072
1,4073
1,4075
2,4078
2,4083
1,4085
1,4086
1,4087
1,4089
1,4093
1,4094
1,4102
1,4104
1,4106
1,4107
1,4112
1,4113
1,4114
1,4115
1,4120
1,4127
1,4128
1,4131
1,4134
1,4135
1,4138
1,4140
1,4142
1,4146
2,4150
1,4156
1,4165
1,4168
1,4170
1,4171
1,4172
1,4175
3,4176
3,4177
1,4179
1,4182
1,4186
1,4189
1,4192
1,4196
2,4197
1,4205
1,4206
2,4207
1,4208
1,4212
1,4214
1,4219
1,4220
2,4223
2,4224
1,4228
1,4229
1,4230
1,4231
1,4234
2,4239
1,4240
1,4242
1,4245
2,4246
3,4251
2,4257
2,4268
2,4270
1,4273
1,4278
1,4279
1,4281
1,4284
1,4285
1,4286
1,4289
1,4290
1,4292
1,4293
2,4294
1,4295
1,4296
1,4299
1,4303
1,4307
2,4308
1,4321
2,4322
1,4325
1,4326
1,4331
1,4335
1,4336
1,4337
1,4339
1,4340
1,4344
1,4345
2,4346
1,4348
1,4353
1,4355
1,4363
1,4369
1,4370
1,4371
1,4373
2,4374
1,4375
1,4377
2,4380
1,4381
1,4384
2,4385
1,4397
1,4409
2,4410
1,4411
1,4413
1,4415
1,4416
1,4422
1,4425
1,4428
1,4429
1,4432
1,4433
1,4441
1,4453
1,4457
1,4460
1,4467
1,4476
1,4478
2,4480
1,4484
2,4486
1,4487
1,4490
1,4491
1,4494
1,4495
1,4496
1,4499
2,4501
1,4504
1,4505
1,4508
1,4515
2,4522
1,4524
1,4526
1,4530
1,4535
1,4542
1,4549
2,4550
1,4553
2,4555
1,4560
1,4565
1,4566
1,4568
1,4588
1,4589
1,4590
1,4591
1,4594
1,4595
1,4596
1,4597
1,4598
1,4599
1,4611
2,4614
1,4621
1,4625
1,4636
1,4642
1,4643
1,4650
1,4658
2,4662
1,4663
1,4672
1,4683
1,4689
1,4701
1,4702
1,4707
1,4714
1,4718
1,4719
1,4720
1,4722
1,4726
1,4731
1,4732
1,4734
1,4737
2,4739
1,4740
1,4743
1,4752
1,4767
1,4772
3,4776
1,4777
1,4780
1,4785
1,4788
1,4794
1,4798
2,4800
1,4814
1,4818
1,4819
1,4822
1,4824
1,4825
1,4833
1,4835
1,4839
1,4840
1,4841
2,4850
2,4851
1,4860
1,4865
2,4870
1,4874
1,4882
1,4886
1,4888
1,4897
1,4902
1,4903
1,4904
1,4905
1,4907
1,4908
1,4911
1,4914
2,4917
1,4918
1,4926
1,4947
2,4950
1,4953
1,4960
1,4966
1,4969
1,4977
1,4978
1,4982
1,4985
2,4986
1,4991
1,5005
1,5009
1,5013
1,5019
1,5029
1,5031
1,5036
1,5041
1,5044
1,5050
1,5051
1,5054
1,5061
1,5063
1,5065
1,5075
1,5079
1,5084
1,5085
2,5087
1,5092
1,5093
1,5101
1,5102
1,5104
1,5111
1,5115
1,5118
1,5119
1,5121
1,5126
4,5128
2,5131
1,5133
1,5135
1,5136
2,5141
1,5142
1,5146
1,5148
1,5150
1,5151
2,5152
1,5153
1,5155
1,5158
2,5165
2,5167
1,5168
1,5171
1,5174
1,5177
2,5179
1,5187
1,5188
1,5189
1,5190
1,5196
1,5197
1,5202
1,5207
1,5209
2,5210
1,5215
2,5217
2,5218
1,5219
1,5220
1,5223
2,5224
1,5225
1,5228
1,5229
1,5230
1,5232
1,5237
1,5238
1,5239
1,5241
1,5245
1,5252
1,5253
2,5257
1,5263
1,5264
1,5265
1,5268
1,5270
1,5275
1,5276
1,5280
1,5300
1,5310
1,5311
1,5312
2,5315
1,5316
2,5317
1,5318
1,5324
1,5332
1,5344
1,5346
1,5347
1,5348
1,5352
1,5354
1,5355
1,5357
1,5364
1,5367
1,5372
1,5378
1,5381
1,5384
1,5388
1,5389
1,5391
1,5398
1,5413
2,5414
1,5418
1,5420
2,5421
1,5443
1,5447
1,5449
1,5450
1,5455
1,5458
1,5459
1,5460
1,5464
2,5474
1,5489
1,5492
1,5495
1,5496
2,5506
1,5507
1,5509
1,5510
1,5516
1,5521
1,5522
1,5527
1,5531
1,5532
1,5535
1,5539
1,5540
1,5546
1,5552
1,5553
1,5562
1,5565
1,5572
1,5577
1,5580
1,5583
1,5590
1,5607
1,5614
1,5615
1,5621
1,5626
1,5628
1,5634
1,5636
2,5638
1,5639
1,5642
1,5647
1,5649
1,5650
1,5651
1,5655
1,5661
1,5669
1,5673
2,5684
1,5686
1,5687
1,5689
1,5690
1,5695
1,5699
1,5702
1,5703
2,5705
1,5707
1,5713
1,5718
1,5724
1,5728
2,5729
1,5735
1,5740
1,5749
1,5753
1,5755
1,5769
1,5770
1,5777
3,5779
1,5783
1,5797
1,5803
1,5805
1,5809
1,5814
1,5815
1,5823
1,5825
1,5834
2,5835
1,5841
1,5842
2,5844
1,5846
2,5848
1,5851
1,5852
1,5853
1,5856
1,5862
1,5865
1,5873
1,5875
2,5895
1,5899
1,5907
1,5913
1,5918
1,5924
1,5928
1,5929
1,5931
1,5935
1,5939
1,5940
1,5943
1,5944
1,5948
2,5950
1,5961
2,5963
1,5965
2,5975
1,5984
1,5997
1,5998
1,6003
1,6007
1,6012
2,6017
1,6018
1,6023
1,6034
1,6039
1,6042
1,6054
1,6064
1,6073
4,6078
2,6089
2,6093
1,6095
1,6104
1,6108
1,6111
1,6113
1,6115
1,6118
1,6119
1,6122
1,6123
1,6132
1,6136
1,6137
1,6138
1,6139
1,6145
1,6147
2,6150
1,6154
1,6159
1,6160
1,6162
1,6166
1,6167
1,6168
2,6170
1,6182
1,6196
1,6209
2,6219
2,6224
2,6247
1,6253
1,6256
2,6257
1,6261
1,6277
1,6280
1,6283
1,6286
1,6288
1,6295
1,6299
1,6303
1,6304
1,6309
1,6313
1,6317
1,6318
1,6321
1,6323
1,6326
1,6329
1,6331
1,6335
1,6337
1,6339
1,6344
1,6346
1,6354
1,6356
1,6359
1,6366
1,6367
1,6369
1,6371
1,6377
1,6383
1,6387
1,6394
1,6406
1,6407
1,6408
1,6416
1,6430
1,6443
1,6445
1,6449
2,6451
1,6454
1,6456
1,6462
1,6484
1,6493
1,6506
1,6515
1,6545
1,6546
1,6551
2,6555
1,6563
3,6568
1,6572
2,6580
1,6587
1,6589
1,6607
1,6610
1,6618
2,6624
1,6627
1,6630
1,6651
1,6655
1,6659
1,6672
1,6684
1,6690
1,6694
1,6698
1,6704
1,6707
1,6708
1,6714
1,6718
1,6719
1,6722
1,6724
1,6730
1,6732
1,6740
1,6746
1,6749
1,6754
1,6758
2,6766
1,6767
1,6780
1,6782
1,6786
1,6794
1,6796
1,6804
2,6820
1,6828
1,6830
1,6833
2,6840
1,6845
2,6850
2,6856
1,6872
2,6877
1,6889
1,6890
1,6895
1,6899
1,6901
1,6911
1,6921
1,6922
1,6923
1,6924
2,6925
2,6926
1,6930
1,6950
1,6951
1,6959
1,6964
2,6968
1,6972
1,6979
1,6988
1,6994
1,7001
1,7016
1,7018
1,7025
1,7027
1,7039
1,7040
1,7047
1,7060
2,7063
1,7066
1,7069
1,7071
1,7072
1,7077
1,7089
1,7091
1,7092
1,7094
1,7099
1,7102
1,7103
1,7108
2,7109
1,7114
1,7123
1,7125
1,7129
1,7132
1,7174
1,7196
1,7200
1,7202
1,7215
1,7216
1,7217
1,7222
1,7225
1,7234
3,7240
1,7247
1,7249
1,7256
2,7260
1,7267
1,7280
1,7282
1,7286
1,7288
1,7293
1,7296
1,7297
1,7303
1,7318
1,7321
1,7338
1,7352
1,7354
1,7360
1,7365
1,7366
1,7371
1,7381
1,7383
1,7395
1,7398
1,7402
1,7408
1,7412
1,7413
1,7427
1,7428
1,7432
1,7433
1,7435
1,7447
1,7460
1,7462
1,7463
1,7476
2,7493
1,7494
1,7506
1,7513
1,7514
1,7522
1,7525
1,7538
1,7549
1,7552
1,7555
1,7558
1,7566
1,7568
1,7575
1,7577
1,7580
1,7583
1,7585
1,7607
1,7609
1,7615
1,7645
1,7649
1,7661
1,7669
1,7678
1,7684
1,7696
1,7698
1,7707
2,7712
1,7721
1,7725
1,7731
1,7749
1,7758
1,7763
1,7773
1,7785
1,7789
1,7790
1,7805
2,7836
1,7850
1,7869
1,7881
1,7890
1,7894
1,7901
1,7911
1,7914
1,7917
1,7928
1,7933
1,7941
1,7944
1,7946
1,7947
1,7950
1,7981
1,7983
1,7989
1,8009
1,8018
1,8027
1,8038
1,8048
1,8058
1,8059
1,8061
1,8098
1,8105
1,8111
1,8116
1,8117
1,8131
1,8135
1,8151
1,8155
1,8168
1,8172
1,8185
1,8187
1,8189
1,8195
1,8211
1,8223
1,8232
1,8234
1,8244
1,8247
1,8250
2,8259
1,8261
1,8264
1,8292
1,8309
1,8313
1,8343
1,8354
1,8387
1,8405
1,8410
1,8457
1,8459
1,8460
1,8474
1,8513
1,8519
1,8529
1,8531
1,8556
1,8562
2,8571
1,8572
1,8573
1,8576
1,8577
1,8603
1,8606
1,8619
1,8620
1,8633
1,8650
1,8655
1,8663
1,8678
1,8684
1,8685
1,8689
1,8694
1,8701
1,8712
1,8724
1,8736
1,8745
1,8746
1,8749
1,8753
1,8758
1,8770
1,8792
1,8797
1,8799
1,8800
1,8801
1,8802
1,8810
1,8825
1,8833
1,8837
1,8851
1,8856
1,8876
1,8886
1,8897
1,8911
1,8920
1,8922
1,8928
1,8974
1,8977
1,8981
1,9008
1,9015
1,9021
1,9028
1,9029
1,9047
1,9062
1,9065
1,9072
1,9085
1,9108
1,9162
1,9166
1,9167
1,9173
1,9185
1,9201
1,9203
1,9230
1,9240
1,9244
1,9250
1,9254
1,9256
1,9268
1,9277
1,9284
1,9293
1,9305
1,9308
1,9310
1,9314
1,9319
1,9344
1,9353
2,9359
1,9380
1,9387
1,9409
1,9453
1,9458
1,9470
1,9471
1,9476
1,9502
1,9503
1,9509
1,9510
1,9511
1,9515
1,9517
1,9556
1,9559
1,9564
1,9577
1,9585
1,9586
1,9601
1,9607
1,9618
1,9624
1,9644
1,9685
1,9692
1,9719
1,9726
1,9727
1,9741
1,9757
1,9782
1,9806
1,9828
1,9831
1,9848
1,9853
1,9877
1,9895
1,9913
1,9916
1,9917
1,9925
1,9928
1,9937
1,9981
2,9983
1,9988
1,9989
1,10005
1,10006
2,10009
1,10035
1,10047
1,10052
1,10066
1,10072
1,10073
1,10089
2,10111
1,10116
1,10130
1,10133
1,10134
1,10139
1,10144
1,10180
1,10187
1,10190
1,10205
1,10222
1,10225
1,10235
1,10239
1,10240
1,10287
2,10293
1,10310
1,10316
1,10317
1,10334
1,10364
1,10377
1,10389
2,10398
1,10402
1,10403
1,10404
1,10407
1,10423
1,10444
1,10468
1,10471
1,10473
1,10477
1,10479
1,10486
1,10502
1,10516
1,10557
1,10559
1,10575
1,10579
1,10596
1,10613
1,10618
1,10640
1,10644
1,10648
2,10665
1,10675
1,10688
1,10689
1,10731
1,10732
1,10738
1,10746
1,10772
1,10785
1,10787
1,10809
1,10822
1,10835
1,10850
1,10852
1,10870
1,10877
2,10915
1,10918
1,10919
1,10923
1,10928
1,10946
1,10964
1,10980
1,10986
2,10989
1,11000
1,11012
1,11033
1,11083
1,11111
1,11124
1,11157
1,11190
1,11196
1,11220
1,11230
1,11238
1,11240
1,11242
1,11253
1,11254
1,11264
1,11272
1,11292
1,11297
1,11310
1,11334
1,11348
1,11379
1,11405
1,11414
1,11434
1,11446
2,11540
1,11543
1,11552
1,11557
1,11637
1,11638
1,11646
1,11675
1,11681
1,11695
1,11709
1,11722
1,11747
1,11788
1,11791
1,11798
2,11825
1,11870
1,11878
1,11898
2,11903
1,11907
1,11913
1,11946
2,11963
1,11964
1,11977
1,12011
1,12019
1,12045
1,12050
1,12051
1,12057
1,12065
1,12076
1,12104
1,12108
1,12124
1,12128
1,12145
1,12152
1,12162
1,12165
1,12168
1,12188
1,12195
1,12212
1,12220
1,12222
1,12227
1,12228
1,12235
1,12245
1,12257
1,12281
2,12287
1,12332
1,12352
1,12359
1,12397
1,12434
1,12461
1,12466
1,12479
1,12481
2,12484
1,12493
1,12507
1,12508
1,12545
1,12553
1,12577
1,12578
1,12592
1,12601
1,12625
1,12640
1,12656
1,12661
1,12665
1,12683
1,12706
1,12708
1,12713
1,12722
1,12727
2,12734
1,12740
1,12743
1,12800
1,12844
1,12869
1,12872
1,12919
1,12921
1,12949
1,12952
1,12957
1,12968
1,12988
1,13044
1,13104
1,13111
1,13115
1,13119
1,13149
1,13157
1,13193
1,13206
1,13210
1,13270
1,13292
1,13318
1,13366
1,13374
1,13383
1,13386
1,13390
2,13420
1,13427
1,13444
1,13495
1,13501
1,13503
1,13511
1,13512
1,13522
1,13535
1,13546
1,13554
1,13561
1,13576
1,13629
1,13690
1,13794
1,13799
1,13810
1,13821
1,13824
1,13835
1,13904
1,13921
1,13944
1,13950
1,13966
1,13988
1,14011
1,14014
1,14029
1,14055
1,14085
1,14120
1,14132
1,14145
1,14146
1,14200
1,14217
1,14271
1,14276
1,14303
1,14305
1,14411
1,14416
1,14472
1,14490
1,14526
1,14546
1,14552
1,14591
1,14593
1,14609
1,14631
1,14633
1,14657
1,14750
1,14762
1,14826
1,14851
1,14854
1,15119
1,15140
1,15161
1,15166
1,15180
1,15183
1,15245
1,15249
1,15259
1,15277
2,15362
1,15418
2,15470
1,15479
1,15486
1,15492
1,15562
1,15573
1,15595
1,15598
1,15633
1,15674
1,15684
1,15689
1,15690
1,15691
1,15712
1,15718
1,15750
1,15756
1,15799
1,15801
1,15832
1,15846
1,15878
1,15891
1,15895
1,15897
1,15910
2,15927
1,15929
1,15940
1,15945
1,15963
1,16028
1,16070
1,16081
1,16083
1,16103
1,16147
1,16152
1,16237
1,16242
1,16256
1,16260
1,16281
1,16302
1,16314
1,16316
1,16360
1,16371
1,16379
1,16390
1,16395
1,16408
1,16432
1,16449
1,16455
1,16466
1,16482
1,16487
1,16520
1,16530
2,16544
1,16556
1,16559
1,16584
1,16614
1,16671
1,16719
1,16760
1,16820
1,16825
1,16839
1,16847
1,16864
1,16874
1,16906
1,16946
1,16971
1,16972
1,16983
1,16988
1,17007
1,17016
1,17021
1,17022
1,17037
1,17043
1,17045
1,17047
1,17052
1,17137
1,17144
1,17155
1,17180
1,17192
1,17208
1,17224
1,17239
1,17280
1,17281
1,17298
1,17398
1,17409
1,17411
1,17419
1,17439
1,17463
1,17471
1,17524
1,17645
1,17664
1,17749
1,17770
1,17831
1,17833
1,17894
1,17906
1,17918
1,17948
1,17979
1,17981
1,17988
1,17997
1,18018
1,18026
1,18205
1,18213
1,18275
1,18296
1,18307
1,18323
1,18365
1,18415
1,18431
1,18432
1,18464
1,18547
1,18576
1,18634
1,18655
1,18669
1,18705
1,18712
1,18722
1,18766
1,18771
1,18790
1,18840
1,18873
1,18894
1,18896
1,18968
1,19015
1,19016
1,19022
1,19032
1,19046
1,19056
1,19065
1,19077
1,19081
1,19088
1,19120
1,19130
1,19137
1,19167
1,19221
1,19293
1,19301
1,19308
1,19316
1,19348
1,19397
1,19425
1,19456
1,19519
1,19552
1,19585
1,19587
1,19667
1,19730
1,19734
1,19750
1,19788
1,19793
1,19805
1,19825
1,19826
1,19909
1,19950
1,19968
1,19974
1,20007
1,20124
1,20212
1,20328
1,20363
1,20421
1,20539
1,20712
1,20741
1,20785
1,20788
1,20806
1,20838
1,20935
1,20948
1,20973
1,21002
1,21021
1,21116
1,21322
1,21431
1,21482
1,21540
1,21546
1,21586
1,21621
1,21649
1,21672
1,21691
1,21712
1,21723
1,21725
1,21850
1,21864
1,21872
1,21920
1,21947
1,21954
1,21996
1,22002
1,22024
1,22118
1,22163
1,22166
2,22170
1,22207
1,22234
1,22249
1,22270
1,22277
1,22330
1,22338
1,22418
1,22449
1,22513
1,22517
1,22624
1,22627
1,22660
1,22674
1,22693
1,22737
1,22739
1,22793
1,22820
1,22874
1,22905
1,22940
1,22969
1,22975
1,23000
1,23071
1,23141
1,23155
1,23161
1,23172
1,23188
1,23265
1,23457
1,23466
1,23660
1,23673
1,23676
1,23682
1,23683
1,23698
1,23747
1,23860
1,23861
1,23903
1,23918
1,23923
1,23948
1,23962
2,24115
1,24180
1,24212
1,24220
1,24229
1,24329
1,24365
1,24460
1,24521
1,24623
1,24720
1,24818
1,24820
1,24846
1,24914
2,24934
1,25002
1,25060
1,25175
1,25257
1,25312
1,25488
1,25504
1,25532
1,25577
1,25594
1,25622
1,25669
1,25685
1,25729
1,25833
1,25935
1,25958
1,25971
1,25986
1,26058
1,26096
1,26181
1,26203
1,26245
1,26298
1,26322
1,26370
1,26386
1,26425
1,26438
1,26447
1,26596
1,26608
1,26642
1,26667
1,26716
1,26784
1,26842
1,27050
1,27073
1,27175
1,27202
1,27245
1,27252
1,27260
1,27262
1,27374
1,27500
1,27519
1,27556
1,27569
1,27714
1,27801
1,27886
1,27991
1,27999
1,28067
1,28076
1,28078
1,28088
1,28144
1,28148
1,28276
1,28372
1,28451
1,28476
1,28496
1,28574
1,28633
1,28640
1,28681
1,28738
1,28777
1,28972
1,29099
1,29307
1,29330
1,29371
1,29458
1,29468
1,29520
1,29536
1,29577
1,29738
1,29780
1,29976
1,30006
1,30042
1,30093
1,30236
1,30240
1,30303
1,30308
1,30452
1,30483
1,30496
1,30720
1,30743
1,30871
1,30934
1,31005
1,31011
1,31122
1,31161
1,31166
1,31254
1,31280
1,31344
1,31449
1,31500
1,31674
1,31682
1,31700
1,31912
1,31967
1,32049
1,32153
1,32226
1,32412
1,32418
1,32433
1,32516
1,32521
1,32620
1,32703
1,32772
1,32801
1,32910
1,33225
1,33226
1,33253
1,33415
1,33432
1,33478
1,33508
1,33519
1,33594
1,33632
1,33808
1,33992
1,34088
1,34175
1,34277
1,34337
1,34404
1,34826
1,34830
1,34999
1,35325
1,35647
1,35920
1,36046
1,36132
1,36242
1,36278
1,36362
1,36538
1,36581
1,36752
1,36781
1,36995
1,37015
1,37027
1,37105
1,37213
1,37218
1,37323
1,37367
1,37623
1,37629
1,37681
1,37907
1,38279
1,38285
1,38299
1,38467
1,38670
1,38871
1,39016
1,39075
1,39100
1,39125
1,39176
1,39481
1,39509
1,39563
1,39607
1,39783
1,39834
1,40031
1,40476
1,40532
1,40616
1,40625
1,41038
1,41061
1,41136
1,41543
1,41593
1,41749
1,41794
1,41856
1,41865
1,41982
1,42047
1,42049
1,42052
1,42086
1,42281
1,42410
1,42584
1,42693
1,42948
1,43050
1,43141
1,43234
1,43253
1,43314
1,43392
1,43568
1,43606
1,43783
1,43872
1,43974
1,44075
1,44183
1,44442
1,44641
1,45202
1,45518
1,45566
1,45570
1,45723
1,45761
1,45837
1,45865
1,45956
1,46083
1,46171
1,46178
1,46195
1,46220
1,46567
1,46767
1,46844
1,46951
1,46976
1,47292
1,47338
1,47488
1,47579
1,47688
1,47773
1,47819
1,47861
1,48098
1,48321
1,48395
1,48447
1,48655
1,48694
1,49205
1,49221
1,49487
1,49778
1,49857
1,50209
1,50409
1,50467
1,50671
1,51352
1,51710
1,51959
1,52668
1,52682
1,53018
1,53215
1,54028
1,54091
1,54365
1,54465
1,54572
1,55345
1,55572
1,55713
1,55842
1,56720
1,57265
1,57623
1,58008
1,58204
1,58629
1,59036
1,59414
1,59740
1,59828
1,60108
1,60131
1,60386
1,60596
1,60725
1,60771
1,60824
1,60865
1,60970
1,61276
1,61404
1,61659
1,62375
1,62997
1,63057
1,63228
1,63763
1,64890
1,65123
1,65379
1,65758
1,65941
1,66626
1,67148
1,67262
1,67298
1,67313
1,67488
1,67621
1,68043
1,68408
1,69482
1,69519
1,69656
1,69727
1,70015
1,70149
1,70947
1,71332
1,71669
1,72017
1,72124
1,72811
1,73046
1,73341
1,73711
1,73862
1,74020
1,74060
1,75025
1,75371
1,75798
1,75839
1,76223
1,76608
1,76684
1,77669
1,77830
1,79463
1,80068
1,80149
1,81271
1,81651
1,82757
1,83074
1,83440
1,84269
1,84513
1,84835
1,85127
1,85806
1,85850
1,86619
1,87739
1,87933
1,88176
1,89111
1,89171
1,89318
1,89779
1,89867
1,90380
1,90580
1,90652
1,90907
1,91230
1,91231
1,91915
1,94166
1,94200
1,95498
1,96658
1,97185
1,97401
1,97981
1,99929
1,100807
1,101010
1,101697
1,101872
1,101957
1,102731
1,102839
1,103738
1,104385
1,105014
1,106168
1,107880
1,108418
1,108702
1,110187
1,112002
1,112995
1,114047
1,114048
1,114736
1,116049
1,116798
1,116817
1,117742
1,121741
1,122509
1,123323
1,125603
1,127683
1,127796
1,128340
1,131267
1,134371
1,134517
1,135410
1,137329
1,139243
1,139326
1,140312
1,140675
1,140713
1,142038
1,143115
1,143200
1,143819
1,145111
1,145623
1,146800
1,146957
1,148380
1,150276
1,155371
1,164278
1,168724
1,178977
1,184471
1,186149
1,186773
1,187259
1,193026
1,193113
1,193987
1,201066
1,203410
1,208310
1,224829
1,227474
1,240182
1,241557
1,242427
1,247824
1,273604
1,281088
1,285666
1,288109
1,292664
1,294851
1,312283
1,312360
1,344812
1,352579
1,359621
1,360131
1,414730
1,424254
1,602940
1,625522
1,649214
1,1381026
